drop database VetDataBase;

create database VetDataBase;
use VetDataBase;


create table Funcoes
(
  idCargo int primary key not null,
  descricao varchar(50) not null
);
insert into Funcoes (idCargo, descricao)
values('1', 'Recepcionista'),
('2', 'Veterinário');


create table Usuarios
(
	idUsuario int auto_increment primary key not null,
	nome varchar (150) not null,
	email varchar (150) not null,
	contato varchar(20) not null,
    enderecoE varchar (2) not null,
    enderecoC varchar (50) not null,
    enderecoB varchar (50) not null,
    enderecoRN varchar (100) not null,
	idCargo int not null,
	foreign key (idCargo) references Funcoes(idCargo)
);
insert into  Usuarios (nome, email, contato, idCargo, enderecoE, enderecoC, enderecoB, enderecoRN)
values ('João Silva', 'joao@example.com', '1234567890', 2, 'SP', 'São Paulo', 'Jaguaré', 'Avenida Jaguaré, 125'),
('Marcos Silva', 'marcos@example.com', '0987654321', 2, 'SP', 'São Paulo', 'Jaguaré', 'Avenida Jaguaré, 125'),
('Gabriel Souza', 'gabriel@example.com', '9876543210', 1, 'SP', 'São Paulo', 'Santana', 'Praça Orlando Silva, 126');


create table Acesso(
	idAcesso int auto_increment primary key,
	loginusuario varchar(50) not null,
	senha varchar(150) not null,
	idUsuario int,
	foreign key (idUsuario) references Usuarios(idUsuario)
);
insert into Acesso (loginusuario, senha, idusuario)
values ('recep1', '$2y$10$0kNs4lXmcq5H9XtdRu/ixuWuUoWlnjYvJXWeOfeUL3YTuqxDQLUgS', 3),
('vet', '$2y$10$FFQaRbqsqbPrkmV3fBf3ZOCI44gvOqu0Ix0mUur51qkexRQUXs02W', 1);	

	
create table Clientes
(
	idCliente int auto_increment primary key,
	nome varchar (150) not null,
	email varchar (150),
	contato varchar(20) not null,
    enderecoE varchar (2),
    enderecoC varchar (50),
    enderecoB varchar (50),
    enderecoRN varchar (100) 
);
insert into Clientes (nome, email, contato, enderecoE, enderecoC, enderecoB, enderecoRN)
values ('Leonardo Otávio Thomas', 'leonardo_otavio_moura@ddfnet.com.br', '(89) 35729023', 'SP', 'Mauá', 'Vila Noêmia', 'Rua Jasson Marques, 123' ),
('Carlos Eduardo Bento Yago', 'carlos-moura88@pp33.com.br', '(81) 99864-0599', 'SP', 'Mauá', 'Vila Noêmia', 'Rua Waldemar Rigout, 80' ),
('Cristina Rocha', 'cristina_rocha@email.com', '(12) 3456-7890', 'SP', 'São Paulo', 'Ipanema', 'Rua Vinícius de Moraes, 456'),
('Roberto Santos', 'roberto_santos@email.com', '(41) 1234-5678', 'SP', 'São Paulo', 'Batel', 'Av. Batel, 789'),
('Carla Oliveira', 'carla_oliveira@email.com', '(31) 9876-5432', 'SP', 'São Paulo', 'Lourdes', 'Rua Curitiba, 123'),
('Fernando Ramos', 'fernando_ramos@email.com', '(85) 6789-1234', 'SP', 'São Paulo', 'Aldeota', 'Av. Dom Luís, 789'),
('Aline Pereira', 'aline_pereira@email.com', '(47) 5555-5555', 'SP', 'São Paulo', 'Centro', 'Rua das Flores, 101'),
('Gustavo Barbosa', 'gustavo_barbosa@email.com', '(61) 9999-9999', 'SP', 'São Paulo', 'Asa Sul', 'SQS 303, Bloco E, 222'),
('Vanessa Silva', 'vanessa_silva@email.com', '(21) 2345-6789', 'SP', 'São Paulo', 'Icaraí', 'Rua Gavião Peixoto, 456'),
('Marcos Mendes', 'marcos_mendes@email.com', '(84) 8765-4321', 'SP', 'São Paulo', 'Petrópolis', 'Av. Afonso Pena, 555'),
('Luciana Sousa', 'luciana_sousa@email.com', '(11) 5432-1234', 'SP', 'São Paulo', 'Pinheiros', 'Rua dos Pinheiros, 789'),
('Ricardo Almeida', 'ricardo_almeida@email.com', '(61) 7777-7777', 'SP', 'São Paulo', 'Asa Norte', 'SQN 408, Bloco A, 123'),
('Isabel Santos', 'isabel_santos@email.com', '(11) 9999-1111', 'SP', 'São Paulo', 'Moema', 'Av. Ibirapuera, 456'),
('Fernando Oliveira', 'fernando_o@email.com', '(11) 9999-2222', 'SP', 'São Paulo', 'Jardins', 'Rua Oscar Freire, 789'),
('Camila Lima', 'camila@email.com', '(11) 9999-3333', 'SP', 'São Paulo', 'Vila Madalena', 'Rua Aspicuelta, 123'),
('Guilherme Rodrigues', 'guilherme@email.com', '(11) 9999-4444', 'SP', 'São Paulo', 'Higienópolis', 'Av. Angélica, 101'),
('Mariana Gonçalves', 'mariana@email.com', '(11) 9999-5555', 'SP', 'São Paulo', 'Santo Amaro', 'Av. das Nações Unidas, 456'),
('Lucas Alves', 'lucas_alves@email.com', '(11) 9999-6666', 'SP', 'São Paulo', 'Brooklin', 'Rua Nova York, 789'),
('Rita Oliveira', 'rita_o@email.com', '(11) 9999-7777', 'SP', 'São Paulo', 'Perdizes', 'Rua Turiassu, 101'),
('Paulo Barbosa', 'paulo_b@email.com', '(11) 9999-8888', 'SP', 'São Paulo', 'Itaim Bibi', 'Rua João Cachoeira, 456'),
('Marta Costa', 'marta@email.com', '(11) 9999-9999', 'SP', 'São Paulo', 'Campo Belo', 'Av. Vereador José Diniz, 789'),
('Ricardo Silva', 'ricardo_s@email.com', '(11) 8888-1111', 'SP', 'São Paulo', 'Pinheiros', 'Rua Butantã, 123'),
('João Santos', 'joao_santo@email.com', '(11) 8888-2222', 'SP', 'São Paulo', 'Bela Vista', 'Av. Paulista, 456'),
('Sandra Oliveira', 'sandra_o@email.com', '(11) 8888-3333', 'SP', 'São Paulo', 'Vila Mariana', 'Rua Domingos de Morais, 789'),
('Hugo Almeida', 'hugo_a@email.com', '(11) 8888-4444', 'SP', 'São Paulo', 'Jabaquara', 'Av. Engenheiro George Corbisier, 101'),
('Lívia Rodrigues', 'livia_r@email.com', '(11) 8888-5555', 'SP', 'São Paulo', 'Tatuapé', 'Rua Emília Marengo, 456'),
('Marcos Barbosa', 'marcos_b@email.com', '(11) 8888-6666', 'SP', 'São Paulo', 'Vila Prudente', 'Rua do Orfanato, 789'),
('Patricia Lima', 'patricia_l@email.com', '(11) 8888-7777', 'SP', 'São Paulo', 'Vila Guilherme', 'Rua Maria Cândida, 123'),
('Leonardo Pereira', 'leonardo_p@email.com', '(11) 7777-1111', 'SP', 'São Paulo', 'Lapa', 'Rua Tito, 456'),
('Fernanda Santos', 'fernanda_santo@email.com', '(11) 7777-2222', 'SP', 'São Paulo', 'Liberdade', 'Rua Galvão Bueno, 789'),
('Rafael Silva', 'rafael_s@email.com', '(11) 7777-3333', 'SP', 'São Paulo', 'Mooca', 'Rua da Mooca, 101'),
('Juliana Oliveira', 'juliana_o@email.com', '(11) 7777-4444', 'SP', 'São Paulo', 'Santana', 'Rua Voluntários da Pátria, 456');




 
create table Animais
(
	idAnimal int auto_increment primary key,
	nome varchar(100) not null,
	especie varchar(50) not null,
	raca varchar(50) not null,
	datanascto date,
	idCliente int not null,
	foreign key (idCliente) references Clientes(idCliente) on delete cascade
);
insert into Animais (nome, especie, raca, datanascto, idCliente)
values ('Totó', 'Cachorro', 'Golden Retriever', '2018-03-15', 1),
('Bolinha', 'Gato', 'Siamês', '2019-06-10', 2),
('Tico', 'Pássaro', 'Canário', '2020-02-01', 1),
('Faisca', 'Gato', 'Siamês', '2019-05-10', 2),
('Rex', 'Cachorro', 'Labrador', '2017-08-20', 12),
('Mia', 'Gato', 'Maine Coon', '2018-10-05', 17),
('Buddy', 'Cachorro', 'Bulldog', '2020-04-15', 9),
('Lola', 'Cachorro', 'Poodle', '2019-11-30', 25),
('Luna', 'Gato', 'Persa', '2017-04-10', 18),
('Rocky', 'Cachorro', 'Bulldog Francês', '2018-09-22', 7),
('Nina', 'Cachorro', 'Labrador', '2020-06-12', 4),
('Milo', 'Gato', 'Sphynx', '2019-02-28', 13),
('Lucy', 'Cachorro', 'Pug', '2018-05-17', 31),
('Charlie', 'Cachorro', 'Dachshund', '2019-10-08', 23),
('Oscar', 'Cachorro', 'Golden Retriever', '2017-07-03', 19),
('Bella', 'Gato', 'Siames', '2018-11-20', 8),
('Lola', 'Cachorro', 'Bulldog Inglês', '2019-01-14', 5),
('Simba', 'Gato', 'Persa', '2020-04-06', 14),
('Teddy', 'Cachorro', 'Cocker Spaniel', '2017-12-25', 30),
('Zoe', 'Cachorro', 'Dalmatian', '2018-03-11', 10),
('Mia', 'Gato', 'Maine Coon', '2019-05-29', 6),
('Bailey', 'Cachorro', 'Yorkshire Terrier', '2020-01-08', 28),
('Chloe', 'Cachorro', 'Chihuahua', '2017-08-01', 24),
('Loki', 'Cachorro', 'Siberian Husky', '2018-06-17', 2),
('Daisy', 'Cachorro', 'Beagle', '2019-09-30', 15),
('Sophie', 'Gato', 'Bengal', '2017-03-14', 11),
('Molly', 'Cachorro', 'Doberman', '2018-12-02', 21),
('Lily', 'Gato', 'Ragdoll', '2020-02-15', 3),
('Mochi', 'Cachorro', 'Pomeranian', '2019-04-27', 20),
('Oliver', 'Gato', 'Scottish Fold', '2018-07-14', 29),
('Lulu', 'Cachorro', 'Bichon Frise', '2019-11-09', 22),
('Misty', 'Gato', 'Russian Blue', '2017-09-04', 27),
('Rocky', 'Cachorro', 'Boxer', '2020-01-22', 16),
('Bentley', 'Cachorro', 'Shih Tzu', '2018-03-18', 12),
('Ruby', 'Gato', 'British Shorthair', '2019-08-07', 26),
('Milo', 'Cachorro', 'Poodle', '2017-06-30', 32),
('Leo', 'Gato', 'Persa', '2018-12-12', 1),
('Lola', 'Cachorro', 'Dachshund', '2019-02-08', 9);


 
create table HistoricoMedico (
    idConsulta int,
    dataConsulta date not null,
    horaConsulta varchar(5) not null,
    veterinario int,
    peso varchar(10),
    temperatura varchar(10),
    diagnostico text,
    tratamento text,
    observacoes text,
    idAnimal int not null,
    foreign key (idAnimal) references Animais(idAnimal) on delete cascade
);
insert into HistoricoMedico (idConsulta, dataconsulta, horaConsulta, veterinario, peso, temperatura, diagnostico, tratamento, observacoes, idAnimal)
values (1, '2023-08-20', '13:00', 1, '3kg', '38°C', 'Exame físico normal', 'Nenhum tratamento necessário', 'Animal saudável', 5),
(2, '2023-08-18', '12:00', 1, '2kg','39°C',  'Verificou-se vermifugação necessária', 'Administrar vermífugo', 'Próxima dose em 6 meses', 5),
(3, '2023-09-18', '13:00', 1, '2,5kg', '39°C', 'Exame físico normal', 'Nenhum tratamento necessário', 'Animal saudável', 2),
(4, '2023-08-19', '15:00', 1, '3,5kg', '40°C', 'Infecção de ouvido', 'Prescrição de antibióticos', 'Retorno em uma semana para reavaliação', 3),
(5, '2023-09-01', '10:00', 1, '4kg', '38.5°C', 'Exame físico normal', 'Nenhum tratamento necessário', 'Animal saudável', 4),
(6, '2023-09-02', '11:00', 2, '2.5kg', '39°C', 'Verificou-se vermifugação necessária', 'Administrar vermífugo', 'Próxima dose em 6 meses', 3),
(7, '2023-09-03', '14:00', 1, '3.2kg', '38.8°C', 'Exame físico normal', 'Nenhum tratamento necessário', 'Animal saudável', 6),
(8, '2023-09-04', '15:30', 2, '4.5kg', '40°C', 'Infecção de ouvido', 'Prescrição de antibióticos', 'Retorno em uma semana para reavaliação', 5),
(9, '2023-09-05', '09:30', 1, '5.1kg', '37.7°C', 'Exame físico normal', 'Nenhum tratamento necessário', 'Animal saudável', 8),
(10, '2023-09-06', '12:45', 2, '3.8kg', '39.2°C', 'Ferimento na pata', 'Limpeza e aplicação de curativo', 'Retorno em três dias para verificação', 9),
(11, '2023-09-07', '16:00', 1, '3.3kg', '38.6°C', 'Exame físico normal', 'Nenhum tratamento necessário', 'Animal saudável', 10),
(12, '2023-09-08', '11:15', 2, '4.7kg', '40.5°C', 'Problema dental', 'Limpeza dental e extração necessárias', 'Retorno em duas semanas para procedimento', 11),
(13, '2023-09-09', '13:45', 1, '2.9kg', '38.9°C', 'Exame físico normal', 'Nenhum tratamento necessário', 'Animal saudável', 12),
(14, '2023-09-10', '10:30', 2, '4.2kg', '39.1°C', 'Infecção de pele', 'Prescrição de antibióticos tópicos', 'Retorno em uma semana para reavaliação', 13),
(15, '2023-09-11', '15:20', 1, '3.6kg', '38.2°C', 'Exame físico normal', 'Nenhum tratamento necessário', 'Animal saudável', 14),
(16, '2023-09-12', '14:00', 2, '4.8kg', '40.2°C', 'Problema ocular', 'Prescrição de colírio', 'Retorno em dez dias para reavaliação', 15),
(17, '2023-09-13', '11:10', 1, '3.8kg', '38.7°C', 'Exame físico normal', 'Nenhum tratamento necessário', 'Animal saudável', 16),
(18, '2023-09-14', '12:45', 2, '4.9kg', '39.5°C', 'Problema gastrointestinal', 'Prescrição de dieta especial', 'Retorno em duas semanas para acompanhamento', 17),
(19, '2023-09-15', '09:00', 1, '4.2kg', '38.8°C', 'Exame físico normal', 'Nenhum tratamento necessário', 'Animal saudável', 18),
(20, '2023-09-16', '16:30', 2, '5.0kg', '40.0°C', 'Problema respiratório', 'Prescrição de medicação', 'Retorno em uma semana para reavaliação', 19),
(21, '2023-09-17', '14:40', 1, '3.5kg', '38.3°C', 'Exame físico normal', 'Nenhum tratamento necessário', 'Animal saudável', 20),
(22, '2023-09-18', '10:20', 2, '4.6kg', '39.3°C', 'Problema de ouvido', 'Limpeza e medicação necessárias', 'Retorno em cinco dias para verificação', 21),
(23, '2023-09-19', '13:15', 1, '2.7kg', '38.6°C', 'Exame físico normal', 'Nenhum tratamento necessário', 'Animal saudável', 22),
(24, '2023-09-20', '15:00', 2, '4.3kg', '39.8°C', 'Problema de pele', 'Prescrição de creme tópico', 'Retorno em uma semana para reavaliação', 23),
(26, '2023-09-22', '11:30', 2, '4.5kg', '39.0°C', 'Problema digestivo', 'Prescrição de dieta e medicação', 'Retorno em uma semana para reavaliação', 25),
(27, '2023-09-23', '14:30', 1, '2.8kg', '38.5°C', 'Exame físico normal', 'Nenhum tratamento necessário', 'Animal saudável', 26),
(28, '2023-09-24', '10:50', 2, '4.7kg', '39.4°C', 'Problema de pele', 'Prescrição de creme tópico', 'Retorno em uma semana para reavaliação', 27),
(29, '2023-09-25', '13:40', 1, '3.3kg', '38.6°C', 'Exame físico normal', 'Nenhum tratamento necessário', 'Animal saudável', 28),
(30, '2023-09-26', '16:20', 2, '5.2kg', '40.1°C', 'Problema dental', 'Limpeza dental e extração necessárias', 'Retorno em duas semanas para procedimento', 27),
(31, '2023-09-27', '12:00', 1, '3.9kg', '38.7°C', 'Exame físico normal', 'Nenhum tratamento necessário', 'Animal saudável', 30),
(32, '2023-09-28', '15:10', 2, '4.8kg', '39.7°C', 'Problema de ouvido', 'Limpeza e medicação necessárias', 'Retorno em cinco dias para verificação', 31),
(33, '2023-09-29', '10:15', 1, '3.1kg', '38.4°C', 'Exame físico normal', 'Nenhum tratamento necessário', 'Animal saudável', 32),
(34, '2023-09-30', '14:50', 2, '4.3kg', '39.9°C', 'Problema gastrointestinal', 'Prescrição de dieta e medicação', 'Retorno em uma semana para reavaliação', 33),
(35, '2023-10-01', '13:05', 1, '3.6kg', '38.8°C', 'Exame físico normal', 'Nenhum tratamento necessário', 'Animal saudável', 34),
(36, '2023-10-02', '11:55', 2, '4.9kg', '39.3°C', 'Problema respiratório', 'Prescrição de medicação', 'Retorno em uma semana para reavaliação', 35),
(37, '2023-10-03', '15:35', 1, '3.5kg', '38.5°C', 'Exame físico normal', 'Nenhum tratamento necessário', 'Animal saudável', 36),
(38, '2023-10-04', '10:25', 2, '4.6kg', '39.0°C', 'Problema de pele', 'Prescrição de creme tópico', 'Retorno em uma semana para reavaliação', 37),
(39, '2023-10-05', '14:15', 1, '3.2kg', '38.9°C', 'Exame físico normal', 'Nenhum tratamento necessário', 'Animal saudável', 38),
(40, '2023-10-06', '11:45', 2, '4.7kg', '39.6°C', 'Problema digestivo', 'Prescrição de dieta e medicação', 'Retorno em uma semana para reavaliação', 38);



create table statusConsulta
(
	idStatus int primary key not null,
    statusConsulta varchar(50)
);
insert into StatusConsulta (idStatus, statusConsulta)
values (0, 'Ausente'),
(1, 'Em espera'),
(2, 'Consultório'),
(3, 'Liberado');
 

create table Agenda
(
	idConsulta int auto_increment primary key,
	dataConsulta date not null,
	horaConsulta varchar(5) not null, 
	veterinario int,
	descricao text,
	idAnimal int not null,
    idStatus int,
    foreign key (idStatus) references statusConsulta(idStatus),
	foreign key (idAnimal) references Animais(idAnimal) on delete cascade
);
insert into Agenda (dataConsulta, horaConsulta, veterinario, idAnimal, descricao, idStatus)
values ('2023-10-24', '14:00', 1, 1, 'Exame de sangue', 1),
('2023-10-24', '10:30', 1, 2, 'Fisioterapia', 2),
('2023-10-24', '11:00', 1, 4, 'Transfusão de sangue', 1),
('2023-10-24', '10:35', 1, 3, 'Vacinação', 1),
('2023-10-02', '10:00', 1, 5, 'Radioterapia', 1),
('2023-10-02', '10:30', 1, 6, 'Teste de alergia', 2),
('2023-10-02', '12:30', 1, 7, 'Ultrassonografia', 1),
('2023-10-02', '13:00', 1, 8, 'Ecocardiograma', 1),
('2023-10-03', '13:30', 1, 9, 'Vacinação', 1),
('2023-10-03', '14:30', 1, 10, 'Análise de urina', 2),
('2023-10-03', '15:00', 1, 11, 'Radiografia', 1),
('2023-10-03', '15:30', 1, 12, 'Fisioterapia', 1),
('2023-10-04', '16:00', 1, 13, 'Vacinação', 1),
('2023-10-04', '16:30', 1, 14, 'Hemograma', 2),
('2023-10-04', '17:00', 1, 15, 'Endoscopia', 1),
('2023-10-04', '17:30', 1, 16, 'Acompanhamento de gestação e parto', 1),
('2023-10-05', '18:00', 1, 17, 'Avaliação da função pulmonar', 1),
('2023-10-05', '18:30', 1, 18, 'Vacinação', 2),
('2023-10-05', '19:00', 1, 19, 'Fisioterapia', 1),
('2023-10-05', '19:30', 1, 20, 'Endoscopia', 1),
('2023-10-06', '20:00', 1, 21, 'Ultrassonografia', 1),
('2023-10-06', '08:00', 1, 22, 'Radiografia', 2),
('2023-10-06', '08:30', 1, 23, 'Vacinação', 1),
('2023-10-06', '09:00', 1, 24, 'Teste de alergia', 1),
('2023-10-09', '15:00', 1, 33, 'Vacinação', 1),
('2023-10-09', '15:30', 1, 34, 'Acompanhamento de gestação e parto', 2),
('2023-10-09', '16:00', 1, 35, 'Radiografia', 1),
('2023-10-09', '16:30', 1, 36, 'Transfusão de sangue', 1),
('2023-10-10', '17:00', 1, 37, 'Fisioterapia', 1),
('2023-10-10', '17:30', 1, 38, 'Vacinação', 2),
('2023-10-11', '08:00', 1, 1, 'Vacinação', 1),
('2023-10-11', '08:30', 1, 2, 'Hemograma', 2),
('2023-10-11', '09:00', 1, 3, 'Fisioterapia', 1),
('2023-10-11', '09:30', 1, 4, 'Transfusão de sangue', 1),
('2023-10-12', '10:00', 1, 5, 'Análise de urina', 1),
('2023-10-12', '10:30', 1, 6, 'Endoscopia', 2),
('2023-10-12', '12:30', 1, 7, 'Vacinação', 1),
('2023-10-12', '13:00', 1, 8, 'Avaliação da função pulmonar', 1),
('2023-10-13', '13:30', 1, 9, 'Endoscopia', 1),
('2023-10-13', '14:30', 1, 10, 'Fisioterapia', 2),
('2023-10-13', '15:00', 1, 11, 'Vacinação', 1),
('2023-10-13', '15:30', 1, 12, 'Fisioterapia', 1),
('2023-10-16', '20:00', 1, 21, 'Ultrassonografia', 1),
('2023-10-16', '08:00', 1, 22, 'Ecocardiograma', 2),
('2023-10-16', '08:30', 1, 23, 'Avaliação da função pulmonar', 1),
('2023-10-16', '09:00', 1, 24, 'Fisioterapia', 1),
('2023-10-17', '09:30', 1, 25, 'Radiografia', 1),
('2023-10-17', '10:00', 1, 26, 'Endoscopia', 2),
('2023-10-17', '10:30', 1, 27, 'Vacinação', 1),
('2023-10-17', '12:30', 1, 28, 'Fisioterapia', 1),
('2023-10-18', '13:00', 1, 29, 'Exame de sangue', 1),
('2023-10-18', '13:30', 1, 30, 'Radioterapia', 2),
('2023-10-18', '14:00', 1, 31, 'Vacinação', 1),
('2023-10-18', '14:30', 1, 32, 'Endoscopia', 1),
('2023-10-19', '15:00', 1, 33, 'Transfusão de sangue', 1),
('2023-10-19', '15:30', 1, 34, 'Acompanhamento de gestação e parto', 2),
('2023-10-19', '16:00', 1, 35, 'Radioterapia', 1),

('2023-10-19', '16:30', 1, 36, 'Avaliação da função pulmonar', 1),
('2023-10-20', '17:00', 1, 37, 'Exame de sangue', 1),
('2023-10-20', '17:30', 1, 38, 'Acompanhamento de gestação e parto', 2),
('2023-10-01', '10:00', 1, 9, 'Avaliação de saúde', 1),
('2023-10-01', '12:30', 1, 10, 'Radioterapia', 2),
('2023-10-01', '13:00', 1, 11, 'Fisioterapia', 1),
('2023-10-01', '13:30', 1, 12, 'Avaliação da função pulmonar', 1),
('2023-10-02', '14:00', 1, 13, 'Ecocardiograma', 1),
('2023-10-02', '14:30', 1, 14, 'Transfusão de sangue', 2),
('2023-10-02', '15:00', 1, 15, 'Vacinação', 1),
('2023-10-02', '15:30', 1, 16, 'Endoscopia', 1),
('2023-10-03', '16:00', 1, 17, 'Hemograma', 1),
('2023-10-03', '16:30', 1, 18, 'Teste de alergia', 2),
('2023-10-03', '17:00', 1, 19, 'Análise de urina', 1),
('2023-10-03', '17:30', 1, 20, 'Radioterapia', 1),
('2023-11-01', '08:00', 1, 1, 'Exame de sangue', 1),
('2023-11-01', '08:30', 1, 2, 'Acompanhamento de gestação e parto', 2),
('2023-11-01', '09:00', 1, 3, 'Avaliação da função pulmonar', 1),
('2023-11-01', '09:30', 1, 4, 'Ecocardiograma', 1),
('2023-11-02', '10:00', 1, 5, 'Fisioterapia', 1),
('2023-11-02', '10:30', 1, 6, 'Avaliação da função pulmonar', 2),
('2023-11-02', '12:30', 1, 7, 'Radioterapia', 1),
('2023-11-02', '13:00', 1, 8, 'Exame de sangue', 1),
('2023-11-03', '13:30', 1, 9, 'Vacinação', 1),
('2023-11-03', '14:30', 1, 10, 'Radiografia', 2),
('2023-11-03', '15:00', 1, 11, 'Transfusão de sangue', 1),
('2023-11-03', '15:30', 1, 12, 'Endoscopia', 1),
('2023-11-06', '20:00', 1, 21, 'Limpeza dentária', 1),
('2023-11-06', '08:00', 1, 22, 'Fisioterapia', 2),
('2023-11-06', '08:30', 1, 23, 'Vacinação', 1),
('2023-11-06', '09:00', 1, 24, 'Radiografia', 1),
('2023-11-07', '09:30', 1, 25, 'Teste de alergia', 1),
('2023-11-07', '10:00', 1, 26, 'Ecocardiograma', 2),
('2023-11-07', '10:30', 1, 27, 'Vacinação', 1),
('2023-11-07', '12:30', 1, 28, 'Avaliação de saúde', 1),


('2023-11-08', '13:00', 1, 29, 'Exame de rotina', 0),
('2023-11-08', '13:30', 1, 30, 'Vacinação', 0),
('2023-11-08', '14:00', 1, 31, 'Vacinação', 0),
('2023-11-08', '14:30', 1, 32, 'Ecocardiograma', 1),


('2023-11-09', '15:00', 1, 33, 'Avaliação da função pulmonar', 1),
('2023-11-09', '15:30', 1, 34, 'Acompanhamento de gestação e parto', 2),
('2023-11-09', '16:00', 1, 35, 'Radiografia', 1),
('2023-11-09', '16:30', 1, 36, 'Vacinação anual', 1),
('2023-11-10', '17:00', 1, 37, 'Exame de sangue', 1),
('2023-12-06', '10:00', 1, 23, 'Vacinação', 1),
('2023-12-06', '10:30', 1, 24, 'Transfusão de sangue', 2),
('2023-12-06', '11:00', 1, 25, 'Radioterapia', 1),
('2023-12-06', '11:30', 1, 26, 'Ultrassonografia', 1),
('2023-12-06', '12:00', 1, 27, 'Endoscopia', 1),
('2023-12-06', '12:30', 1, 28, 'Fisioterapia', 2),
('2023-12-19', '14:00', 1, 5, 'Avaliação da função pulmonar', 1),
('2023-12-19', '14:30', 1, 6, 'Vacinação anual', 2),
('2023-12-19', '15:00', 1, 7, 'Avaliação de bem-estar', 1),
('2023-12-19', '15:30', 1, 8, 'Radiografia', 1),
('2023-12-19', '16:00', 1, 9, 'Exame de sangue', 1),
('2023-12-19', '16:30', 1, 10, 'Endoscopia', 2),
('2023-12-19', '17:00', 1, 11, 'Fisioterapia', 1),
('2023-12-19', '17:30', 1, 12, 'Vacinação anual', 1),
('2023-12-19', '18:00', 1, 13, 'Acompanhamento de gestação e parto', 1),
('2023-12-19', '18:30', 1, 14, 'Teste de alergia', 2),
('2023-12-15', '12:00', 1, 17, 'Radioterapia', 1),
('2023-12-15', '12:30', 1, 18, 'Avaliação de saúde', 2),
('2023-12-15', '13:00', 1, 19, 'Vacinação', 1),
('2023-12-15', '13:30', 1, 20, 'Análise de urina', 1),
('2023-12-15', '14:00', 1, 21, 'Hemograma', 1),
('2023-12-15', '14:30', 1, 22, 'Avaliação de saúde', 2),
('2023-12-15', '15:00', 1, 23, 'Ultrassonografia', 1),
('2023-12-15', '15:30', 1, 24, 'Acompanhamento de gestação e parto', 1),
('2023-12-15', '16:00', 1, 25, 'Fisioterapia', 2),
('2023-12-15', '16:30', 1, 26, 'Ecocardiograma', 1),
('2023-12-15', '17:00', 1, 27, 'Exame de urina', 1),
('2023-12-15', '17:30', 1, 28, 'Transfusão de sangue', 2),
('2023-12-15', '18:00', 1, 29, 'Vacinação anual', 1),
('2023-12-15', '18:30', 1, 30, 'Avaliação da função pulmonar', 1),
('2023-12-15', '19:00', 1, 31, 'Exame clínico', 2),

('2023-12-15', '19:30', 1, 32, 'Avaliação de saúde', 1),
('2023-12-15', '20:00', 1, 33, 'Exame de rotina', 1),
('2023-12-12', '09:00', 1, 20, 'Acompanhamento de gestação e parto', 1),
('2023-12-12', '09:30', 1, 21, 'Vacinação anual', 1),
('2023-12-12', '10:00', 1, 22, 'Vacinação', 2),
('2023-12-12', '10:30', 1, 23, 'Radioterapia', 1),
('2023-12-12', '11:00', 1, 24, 'Teste de alergia', 1),
('2023-12-12', '11:30', 1, 25, 'Hemograma', 1),
('2023-12-12', '12:00', 1, 26, 'Ultrassonografia', 1),
('2023-12-12', '12:30', 1, 27, 'Endoscopia', 2),
('2023-12-12', '13:00', 1, 28, 'Fisioterapia', 1),
('2023-12-12', '13:30', 1, 29, 'Ecocardiograma', 1),
('2023-12-12', '14:00', 1, 30, 'Exame clínico', 1),
('2023-12-12', '14:30', 1, 31, 'Avaliação de bem-estar', 1),
('2023-12-12', '15:00', 1, 32, 'Exame de rotina', 2),
('2023-12-12', '15:30', 1, 33, 'Avaliação da função pulmonar', 1),
('2023-12-12', '16:00', 1, 34, 'Acompanhamento de gestação e parto', 1),
('2023-12-12', '16:30', 1, 35, 'Radiografia', 2),
('2023-12-12', '17:00', 1, 36, 'Vacinação anual', 1),
('2023-12-12', '17:30', 1, 37, 'Avaliação de bem-estar', 1),
('2023-12-08', '09:00', 1, 19, 'Radiografia', 1),
('2023-12-08', '09:30', 1, 20, 'Exame clínico', 1),
('2023-12-08', '10:00', 1, 21, 'Avaliação de saúde', 2),
('2023-12-21', '09:00', 1, 19, 'Avaliação de saúde', 1),
('2023-12-21', '09:30', 1, 20, 'Teste de alergia', 1),
('2023-12-21', '10:00', 1, 21, 'Radioterapia', 2),
('2023-12-21', '10:30', 1, 22, 'Vacinação anual', 1),
('2023-12-21', '11:00', 1, 23, 'Hemograma', 1),
('2023-12-21', '11:30', 1, 24, 'Ecocardiograma', 1),
('2023-12-21', '12:00', 1, 25, 'Endoscopia', 2),
('2023-12-21', '12:30', 1, 26, 'Exame clínico', 1),
('2023-12-25', '09:00', 1, 19, 'Vacinação', 1),
('2023-12-25', '09:30', 1, 20, 'Vacinação anual', 1),
('2023-11-10', '17:30', 1, 38, 'Vacinação', 2),
('2023-11-13', '13:30', 1, 9, 'Acompanhamento de gestação e parto', 1),
('2023-11-13', '14:30', 1, 10, 'Teste de alergia', 2),
('2023-11-13', '15:00', 1, 11, 'Transfusão de sangue', 1),
('2023-11-13', '16:00', 1, 13, 'Acompanhamento de gestação e parto', 1),
('2023-11-13', '16:30', 1, 14, 'Ultrassonografia', 2),
('2023-11-13', '17:00', 1, 15, 'Radioterapia', 1),
('2023-11-13', '17:30', 1, 16, 'Hemograma', 1),
('2023-11-13', '18:00', 1, 17, 'Ecocardiograma', 1),
('2023-11-13', '18:30', 1, 18, 'Endoscopia', 2),

('2023-11-13', '19:00', 1, 19, 'Vacinação', 2),
('2023-11-13', '19:30', 1, 20, 'Exame de rotina', 1),
('2023-11-13', '20:00', 1, 21, 'Vacinação anual', 2),
('2023-11-14', '16:00', 1, 13, 'Radioterapia', 1),
('2023-11-14', '16:30', 1, 14, 'Avaliação da função pulmonar', 2),
('2023-11-14', '17:00', 1, 15, 'Teste de alergia', 1),
('2023-11-14', '17:30', 1, 16, 'Ecocardiograma', 1),
('2023-11-15', '18:00', 1, 17, 'Exame clínico', 2),
('2023-11-15', '18:30', 1, 18, 'Análise de urina', 1),
('2023-11-15', '19:00', 1, 19, 'Fisioterapia', 1),
('2023-11-15', '19:30', 1, 20, 'Transfusão de sangue', 2),
('2023-11-16', '20:00', 1, 21, 'Acompanhamento de gestação e parto', 1),
('2023-11-16', '08:00', 1, 22, 'Vacinação', 2),
('2023-11-16', '08:30', 1, 23, 'Vacinação anual', 1),
('2023-11-16', '09:00', 1, 24, 'Avaliação de saúde', 1),
('2023-11-17', '09:30', 1, 25, 'Exame de rotina', 1),
('2023-11-17', '10:00', 1, 26, 'Radiografia', 2),
('2023-11-17', '10:30', 1, 27, 'Endoscopia', 1),
('2023-11-17', '12:30', 1, 28, 'Fisioterapia', 1),
('2023-11-20', '17:00', 1, 37, 'Hemograma', 2),
('2023-11-20', '17:30', 1, 38, 'Transfusão de sangue', 1),
('2023-11-21', '08:00', 1, 1, 'Exame de sangue', 1),
('2023-11-21', '08:30', 1, 2, 'Acompanhamento de gestação e parto', 2),
('2023-11-21', '09:00', 1, 3, 'Análise de urina', 1),
('2023-11-21', '09:30', 1, 4, 'Radioterapia', 1),
('2023-11-22', '10:00', 1, 5, 'Ultrassonografia', 2),
('2023-11-22', '10:30', 1, 6, 'Ecocardiograma', 1),
('2023-11-22', '12:30', 1, 7, 'Exame clínico', 1),
('2023-11-22', '13:00', 1, 8, 'Teste de alergia', 1),
('2023-11-23', '13:30', 1, 9, 'Avaliação de bem-estar', 2),
('2023-11-23', '14:30', 1, 10, 'Exame de sangue', 1),
('2023-11-23', '15:00', 1, 11, 'Vacinação', 2),
('2023-11-23', '15:30', 1, 12, 'Vacinação anual', 1),
('2023-11-24', '16:00', 1, 13, 'Vacinação', 1),
('2023-11-24', '16:30', 1, 14, 'Consulta de check-up', 2),
('2023-11-24', '17:00', 1, 15, 'Teste de alergia', 1),

('2023-11-24', '17:30', 1, 16, 'Vacinação', 1),
('2023-11-27', '09:30', 1, 25, 'Avaliação de saúde', 1),
('2023-11-27', '10:00', 1, 26, 'Consulta de check-up', 2),
('2023-11-27', '10:30', 1, 27, 'Vacinação anual', 1),
('2023-11-27', '12:30', 1, 28, 'Avaliação de bem-estar', 1),
('2023-11-28', '13:00', 1, 29, 'Exame clínico', 1),
('2023-11-28', '13:30', 1, 30, 'Vacinação anual', 2),
('2023-11-28', '14:00', 1, 31, 'Vacinação anual', 1),
('2023-11-28', '14:30', 1, 32, 'Acompanhamento de gestação e parto', 1),
('2023-11-29', '15:00', 1, 33, 'Radioterapia', 1),
('2023-11-29', '15:30', 1, 34, 'Endoscopia', 2),
('2023-11-29', '16:00', 1, 35, 'Fisioterapia', 1),
('2023-11-29', '16:30', 1, 36, 'Teste de alergia', 1),
('2023-11-30', '08:00', 1, 37, 'Ecocardiograma', 1),
('2023-11-30', '08:30', 1, 38, 'Hemograma', 2),
('2023-11-30', '09:00', 1, 1, 'Transfusão de sangue', 1),
('2023-11-30', '09:30', 1, 2, 'Consulta de saúde preventiva', 2),
('2023-11-30', '10:00', 1, 3, 'Avaliação de comportamento', 1),
('2023-11-30', '10:30', 1, 4, 'Consulta de check-up', 1),
('2023-11-30', '11:00', 1, 5, 'Exame clínico', 2),
('2023-11-30', '11:30', 1, 6, 'Exame de rotina', 1),
('2023-11-15', '20:30', 1, 7, 'Vacinação', 1),
('2023-11-15', '21:00', 1, 8, 'Consulta de saúde preventiva', 2),
('2023-11-15', '21:30', 1, 9, 'Vacinação anual', 1),
('2023-11-15', '22:00', 1, 10, 'Avaliação de saúde', 2),

('2023-11-15', '22:30', 1, 11, 'Avaliação da função pulmonar', 1),
('2023-12-01', '08:00', 1, 1, 'Exame clínico', 1),
('2023-12-01', '08:30', 1, 2, 'Vacinação anual', 2),
('2023-12-01', '09:00', 1, 3, 'Avaliação de bem-estar', 1),
('2023-12-01', '09:30', 1, 4, 'Avaliação de comportamento', 1),
('2023-12-01', '10:00', 1, 5, 'Radiografia', 1),
('2023-12-01', '10:30', 1, 6, 'Ultrassonografia', 2),
('2023-12-01', '12:30', 1, 7, 'Acompanhamento de gestação e parto', 1),

('2023-12-01', '13:00', 1, 8, 'Ecocardiograma', 1),
('2023-12-02', '13:30', 1, 9, 'Transfusão de sangue', 1),
('2023-12-04', '09:30', 1, 25, 'Limpeza dentária', 1),
('2023-12-04', '10:00', 1, 26, 'Radioterapia', 2),
('2023-12-04', '10:30', 1, 27, 'Exame de sangue', 1),
('2023-12-04', '12:30', 1, 28, 'Fisioterapia', 1),
('2023-12-04', '13:00', 1, 29, 'Endoscopia', 1),
('2023-12-04', '13:30', 1, 30, 'Teste de alergia', 2),
('2023-12-04', '14:00', 1, 31, 'Análise de urina', 1),
('2023-12-04', '14:30', 1, 32, 'Avaliação de bem-estar', 1),
('2023-12-05', '15:00', 1, 33, 'Acompanhamento de gestação e parto', 1),
('2023-12-05', '15:30', 1, 34, 'Vacinação anual', 2),
('2023-12-05', '16:00', 1, 35, 'Exame de sangue', 1),
('2023-12-05', '16:30', 1, 36, 'Radioterapia', 1),
('2023-12-05', '17:00', 1, 37, 'Limpeza dentária', 1),
('2023-12-05', '17:30', 1, 38, 'Ecocardiograma', 2),
('2023-12-06', '08:00', 1, 1, 'Avaliação da função pulmonar', 1),

('2023-12-06', '08:30', 1, 2, 'Vacinação', 2),
('2023-12-06', '09:00', 1, 3, 'Exame clínico', 1),
('2023-12-06', '09:30', 1, 4, 'Avaliação de saúde', 1),
('2023-12-06', '10:00', 1, 5, 'Ecocardiograma', 1),
('2023-12-07', '10:30', 1, 6, 'Acompanhamento de gestação e parto', 2),
('2023-12-07', '11:00', 1, 7, 'Exame clínico', 1),
('2023-12-07', '11:30', 1, 8, 'Teste de alergia', 1),
('2023-12-07', '12:00', 1, 9, 'Consulta de check-up', 2),
('2023-12-08', '13:00', 1, 10, 'Vacinação anual', 1),
('2023-12-08', '13:30', 1, 11, 'Radiografia', 1),
('2023-12-08', '14:00', 1, 12, 'Radioterapia', 1),
('2023-12-08', '14:30', 1, 13, 'Vacinação anual', 1),
('2023-12-08', '15:00', 1, 14, 'Vacinação', 2),
('2023-12-09', '15:30', 1, 15, 'Vacinação anual', 1),
('2023-12-11', '11:30', 1, 28, 'Fisioterapia', 2),
('2023-12-11', '12:00', 1, 29, 'Avaliação de comportamento', 1),
('2023-12-11', '12:30', 1, 30, 'Vacinação anual', 1),
('2023-12-11', '13:00', 1, 31, 'Endoscopia', 2),
('2023-12-11', '13:30', 1, 32, 'Vacinação', 1),
('2023-12-11', '14:00', 1, 33, 'Vacinação anual', 1),
('2023-11-11', '11:30', 1, 28, 'Exame de rotina', 2),
('2023-11-11', '12:00', 1, 29, 'Radiografia', 1),
('2023-11-11', '12:30', 1, 30, 'Avaliação de saúde', 1),
('2023-11-11', '13:00', 1, 31, 'Consulta de check-up', 2),
('2023-11-11', '13:30', 1, 32, 'Vacinação', 1),
('2023-11-11', '14:00', 1, 33, 'Vacinação anual', 1),
('2023-12-12', '14:30', 1, 34, 'Radioterapia', 1),
('2023-12-12', '15:00', 1, 35, 'Exame de rotina', 2),
('2023-12-12', '15:30', 1, 36, 'Consulta de saúde preventiva', 1),

('2023-12-12', '16:00', 1, 37, 'Exame de vista', 1),
('2023-12-12', '16:30', 1, 38, 'Avaliação de bem-estar', 1),
('2023-12-13', '08:00', 1, 1, 'Consulta de check-up', 1),
('2023-12-13', '08:30', 1, 2, 'Vacinação', 2),
('2023-12-13', '09:00', 1, 3, 'Vacinação', 1),
('2023-12-13', '09:30', 1, 4, 'Consulta de saúde preventiva', 1),
('2023-12-13', '10:00', 1, 5, 'Exame clínico', 1),
('2023-12-14', '10:30', 1, 6, 'Exame de rotina', 2),
('2023-12-14', '11:00', 1, 7, 'Avaliação de saúde', 1),
('2023-12-14', '11:30', 1, 8, 'Avaliação de comportamento', 1),
('2023-12-14', '12:00', 1, 9, 'Vacinação anual', 2),
('2023-12-14', '12:30', 1, 10, 'Avaliação de saúde', 1),
('2023-12-15', '13:00', 1, 11, 'Exame de rotina', 1),
('2023-12-15', '13:30', 1, 12, 'Vacinação', 1),
('2023-12-15', '14:00', 1, 13, 'Consulta de saúde preventiva', 1),
('2023-12-15', '14:30', 1, 14, 'Avaliação de bem-estar', 1),

('2023-12-15', '15:00', 1, 15, 'Vacinação', 2),
('2023-12-18', '11:00', 1, 26, 'Exame de sangue', 1),
('2023-12-18', '11:30', 1, 27, 'Vacinação', 2),
('2023-12-18', '12:00', 1, 28, 'Limpeza dentária', 2),
('2023-12-18', '12:30', 1, 29, 'Vacinação anual', 1),
('2023-12-18', '13:00', 1, 30, 'Exame clínico', 1),
('2023-12-19', '13:30', 1, 31, 'Vacinação', 2),
('2023-12-19', '14:00', 1, 32, 'Fisioterapia', 1),
('2023-12-19', '14:30', 1, 33, 'Vacinação anual', 1),
('2023-12-19', '15:00', 1, 34, 'Teste de alergia', 1),
('2023-12-19', '15:30', 1, 35, 'Consulta de check-up', 2),
('2023-12-20', '16:00', 1, 36, 'Vacinação anual', 1),
('2023-12-20', '16:30', 1, 37, 'Radiografia', 1),
('2023-12-20', '17:00', 1, 38, 'Avaliação de saúde', 1),
('2023-12-21', '08:00', 1, 1, 'Exame de rotina', 1),
('2023-12-21', '08:30', 1, 2, 'Ecocardiograma', 2),
('2023-12-21', '09:00', 1, 3, 'Ultrassonografia', 1),
('2023-12-21', '09:30', 1, 4, 'Hemograma', 1),
('2023-12-21', '10:00', 1, 5, 'Radioterapia', 1),
('2023-12-22', '10:30', 1, 6, 'Transfusão de sangue', 2),
('2023-12-22', '11:00', 1, 7, 'Endoscopia', 1),

('2023-12-22', '11:30', 1, 8, 'Avaliação da função pulmonar', 1),
('2023-12-22', '12:00', 1, 9, 'Radiografia', 2),
('2023-12-22', '12:30', 1, 10, 'Ultrassonografia', 2),
('2023-12-25', '08:30', 1, 21, 'Exame de sangue', 1),
('2023-12-25', '09:00', 1, 22, 'Fisioterapia', 2),
('2023-12-25', '09:30', 1, 23, 'Vacinação anual', 1),
('2023-12-25', '10:00', 1, 24, 'Avaliação de saúde', 1),
('2023-12-25', '10:30', 1, 25, 'Avaliação de comportamento', 1),
('2023-12-26', '11:00', 1, 26, 'Exame clínico', 1),
('2023-12-26', '11:30', 1, 27, 'Vacinação', 2),
('2023-12-26', '12:00', 1, 28, 'Consulta de check-up', 2),
('2023-12-26', '12:30', 1, 29, 'Vacinação anual', 1),
('2023-12-26', '13:00', 1, 30, 'Exame clínico', 1),
('2023-12-27', '13:30', 1, 31, 'Vacinação', 2),
('2023-12-27', '14:00', 1, 32, 'Consulta de saúde preventiva', 1),
('2023-12-27', '14:30', 1, 33, 'Vacinação anual', 1),
('2023-12-27', '15:00', 1, 34, 'Avaliação de comportamento', 1),
('2023-12-27', '15:30', 1, 35, 'Consulta de check-up', 2),
('2023-12-27', '09:00', 1, 19, 'Vacinação', 1),
('2023-12-27', '09:30', 1, 20, 'Avaliação de saúde', 1),
('2023-12-27', '10:00', 1, 21, 'Consulta de check-up', 2),
('2023-12-27', '10:30', 1, 22, 'Vacinação anual', 1),
('2023-12-27', '11:00', 1, 23, 'Exame clínico', 1),
('2023-12-27', '11:30', 1, 24, 'Avaliação de bem-estar', 1),
('2023-12-27', '12:00', 1, 25, 'Exame de rotina', 1),
('2023-12-27', '12:30', 1, 26, 'Vacinação', 2),
('2023-12-27', '13:00', 1, 27, 'Vacinação', 1),
('2023-12-27', '13:30', 1, 28, 'Avaliação de saúde', 1),
('2023-12-27', '14:00', 1, 29, 'Acompanhamento de gestação e parto', 1),
('2023-12-27', '14:30', 1, 30, 'Transfusão de sangue', 1),
('2023-12-27', '15:00', 1, 31, 'Avaliação da função pulmonar', 2),
('2023-12-27', '15:30', 1, 32, 'Radioterapia', 1),
('2023-12-27', '16:30', 1, 34, 'Limpeza dentária', 1),

('2023-12-27', '17:00', 1, 35, 'Teste de alergia', 2),
('2023-12-27', '17:30', 1, 36, 'Ecocardiograma', 1),
('2023-12-27', '18:00', 1, 37, 'Radiografia', 1),
('2023-12-27', '18:30', 1, 38, 'Análise de urina', 1),
('2024-01-09', '08:00', 1, 1, 'Limpeza dentária', 1),
('2024-01-09', '08:30', 1, 2, 'Transfusão de sangue', 2),
('2024-01-09', '09:00', 1, 3, 'Acompanhamento de gestação e parto', 1),
('2024-01-09', '09:30', 1, 4, 'Radioterapia', 1),
('2024-01-09', '10:00', 1, 5, 'Endoscopia', 1),
('2024-01-09', '10:30', 1, 6, 'Hemograma', 2),
('2024-01-09', '11:00', 1, 7, 'Vacinação', 1),
('2024-01-09', '11:30', 1, 8, 'Consulta de saúde preventiva', 1),
('2024-01-09', '12:00', 1, 9, 'Ultrassonografia', 1),
('2024-01-09', '12:30', 1, 10, 'Fisioterapia', 2),
('2024-01-09', '13:00', 1, 11, 'Exame de rotina', 1),
('2024-01-09', '13:30', 1, 12, 'Vacinação anual', 1),
('2024-01-09', '14:00', 1, 13, 'Consulta de check-up', 1),
('2024-01-09', '14:30', 1, 14, 'Vacinação anual', 1),
('2024-01-09', '15:00', 1, 15, 'Avaliação de saúde', 2),
('2024-01-18', '08:00', 1, 1, 'Radiografia', 1),
('2024-01-18', '08:30', 1, 2, 'Vacinação', 2),
('2024-01-18', '09:00', 1, 3, 'Avaliação de saúde', 1),
('2024-01-18', '09:30', 1, 4, 'Endoscopia', 1),
('2024-01-18', '10:00', 1, 5, 'Transfusão de sangue', 2),
('2024-01-18', '10:30', 1, 6, 'Ecocardiograma', 1),
('2024-01-18', '11:00', 1, 7, 'Acompanhamento de gestação e parto', 1),
('2024-01-18', '11:30', 1, 8, 'Limpeza dentária', 1),
('2024-01-18', '12:00', 1, 9, 'Hemograma', 2),
('2024-01-18', '12:30', 1, 10, 'Teste de alergia', 2),

('2024-01-18', '13:00', 1, 11, 'Exame de sangue', 1),
('2024-01-18', '13:30', 1, 12, 'Vacinação', 1),
('2024-01-18', '14:00', 1, 13, 'Limpeza dentária', 1),
('2024-01-18', '14:30', 1, 14, 'Radiografia', 1),
('2024-01-18', '15:00', 1, 15, 'Endoscopia', 2),
('2024-01-18', '15:30', 1, 16, 'Fisioterapia', 1),
('2024-01-18', '16:00', 1, 17, 'Teste de alergia', 1),
('2024-01-18', '16:30', 1, 18, 'Ecocardiograma', 2),
('2024-01-18', '17:00', 1, 19, 'Hemograma', 1),
('2024-01-18', '17:30', 1, 20, 'Análise de urina', 1),
('2024-01-05', '08:30', 1, 21, 'Radioterapia', 1),
('2024-01-05', '09:00', 1, 22, 'Transfusão de sangue', 2),
('2024-01-05', '08:00', 1, 21, 'Acompanhamento de gestação e parto', 2),
('2024-01-05', '08:30', 1, 22, 'Avaliação da função pulmonar', 1),
('2024-01-05', '09:00', 1, 23, 'Exame clínico', 1),
('2024-01-05', '09:30', 1, 24, 'Consulta de check-up', 2),
('2024-01-05', '10:00', 1, 25, 'Consulta de check-up', 2),
('2024-01-05', '10:30', 1, 26, 'Vacinação anual', 1),

('2024-01-05', '11:00', 1, 27, 'Consulta de saúde preventiva', 1),
('2024-01-05', '11:30', 1, 28, 'Avaliação de comportamento', 1),
('2024-01-05', '12:00', 1, 29, 'Consulta de check-up', 2),
('2024-01-05', '12:30', 1, 30, 'Vacinação anual', 1),
('2024-01-03', '08:00', 1, 1, 'Exame clínico', 1),
('2024-01-03', '08:30', 1, 2, 'Consulta de check-up', 2),
('2024-01-03', '09:00', 1, 3, 'Vacinação anual', 1),
('2024-01-03', '09:30', 1, 4, 'Avaliação de bem-estar', 1),
('2024-01-03', '10:00', 1, 5, 'Exame de rotina', 1),
('2024-01-03', '10:30', 1, 6, 'Vacinação', 2),
('2024-01-03', '11:00', 1, 7, 'Vacinação', 1),
('2024-01-03', '11:30', 1, 8, 'Consulta de saúde preventiva', 1),
('2024-01-03', '12:00', 1, 9, 'Avaliação de comportamento', 1),
('2024-01-03', '12:30', 1, 10, 'Consulta de check-up', 2),
('2024-01-04', '13:00', 1, 11, 'Vacinação anual', 1),
('2024-01-04', '13:30', 1, 12, 'Avaliação de bem-estar', 1),
('2024-01-04', '14:00', 1, 13, 'Exame clínico', 1),
('2024-01-03', '14:30', 1, 14, 'Vacinação', 2),
('2024-01-03', '15:00', 1, 15, 'Vacinação', 1),

('2024-01-03', '15:30', 1, 16, 'Avaliação da função pulmonar', 1),
('2024-01-05', '09:30', 1, 23, 'Transfusão de sangue', 1),
('2024-01-05', '10:00', 1, 24, 'Acompanhamento de gestação e parto', 1),
('2024-01-05', '10:30', 1, 25, 'Avaliação de comportamento', 1),
('2024-01-08', '16:00', 1, 36, 'Vacinação anual', 1),
('2024-01-08', '16:30', 1, 37, 'Exame clínico', 1),
('2024-01-08', '17:00', 1, 38, 'Avaliação de saúde', 1),
('2024-01-09', '08:00', 1, 1, 'Exame de rotina', 1),
('2024-01-09', '08:30', 1, 2, 'Vacinação anual', 2),
('2024-01-09', '09:00', 1, 3, 'Vacinação anual', 1),
('2024-01-09', '09:30', 1, 4, 'Avaliação de saúde', 1),
('2024-01-09', '10:00', 1, 5, 'Exame clínico', 1),
('2024-01-10', '10:30', 1, 6, 'Vacinação', 2),
('2024-01-10', '11:00', 1, 7, 'Vacinação', 1),

('2024-01-10', '12:00', 1, 9, 'Avaliação da função pulmonar', 1),
('2024-01-10', '12:30', 1, 10, 'Hemograma', 2),
('2024-01-11', '13:00', 1, 11, 'Análise de urina', 1),
('2024-01-11', '13:30', 1, 12, 'Ecocardiograma', 1),
('2024-01-11', '14:00', 1, 13, 'Teste de alergia', 1),
('2024-01-11', '14:30', 1, 14, 'Fisioterapia', 2),
('2024-01-12', '15:00', 1, 15, 'Endoscopia', 1),
('2024-01-12', '15:30', 1, 16, 'Radioterapia', 1),
('2024-01-12', '16:00', 1, 17, 'Acompanhamento de gestação e parto', 1),
('2024-01-12', '16:30', 1, 18, 'Vacinação', 2),
('2024-01-13', '08:00', 1, 19, 'Consulta de check-up', 2),
('2024-01-13', '08:30', 1, 20, 'Vacinação anual', 1),
('2024-01-13', '09:00', 1, 21, 'Avaliação de saúde', 1),
('2024-01-13', '09:30', 1, 22, 'Avaliação de comportamento', 1),
('2024-01-13', '10:00', 1, 23, 'Exame clínico', 1),
('2024-01-13', '10:30', 1, 24, 'Vacinação', 2),
('2024-01-14', '11:00', 1, 25, 'Consulta de saúde preventiva', 1),
('2024-01-14', '11:30', 1, 26, 'Avaliação de saúde', 1),
('2024-01-14', '12:00', 1, 27, 'Exame de rotina', 1),
('2024-01-14', '12:30', 1, 28, 'Vacinação anual', 2),
('2024-01-15', '13:00', 1, 29, 'Exame de sangue', 1),
('2024-01-15', '13:30', 1, 30, 'Limpeza dentária', 1),
('2024-01-15', '14:00', 1, 31, 'Ultrassonografia', 1),
('2024-01-15', '14:30', 1, 32, 'Radiografia', 1),

('2024-01-15', '15:00', 1, 34, 'Radioterapia', 1),
('2024-01-15', '15:30', 1, 35, 'Transfusão de sangue', 2),
('2024-01-16', '16:00', 1, 36, 'Acompanhamento de gestação e parto', 1),
('2024-01-16', '16:30', 1, 37, 'Vacinação', 1),
('2024-01-16', '17:00', 1, 38, 'Avaliação da função pulmonar', 1),
('2024-01-16', '08:00', 1, 1, 'Exame de sangue', 1),
('2024-01-16', '08:30', 1, 2, 'Vacinação', 2),
('2024-01-16', '09:00', 1, 3, 'Limpeza dentária', 1),
('2024-01-16', '09:30', 1, 4, 'Ultrassonografia', 1),
('2024-01-16', '10:00', 1, 5, 'Radiografia', 1),
('2024-01-17', '10:30', 1, 6, 'Endoscopia', 2),

('2024-01-17', '11:00', 1, 7, 'Radioterapia', 1),
('2024-01-17', '11:30', 1, 8, 'Transfusão de sangue', 1),
('2024-01-17', '12:00', 1, 9, 'Acompanhamento de gestação e parto', 2),
('2024-01-17', '12:30', 1, 10, 'Avaliação da função pulmonar', 1),
('2024-01-18', '13:00', 1, 11, 'Exame de sangue', 1),
('2024-01-18', '13:30', 1, 12, 'Vacinação', 1),
('2024-01-18', '14:00', 1, 13, 'Limpeza dentária', 1),
('2024-01-18', '14:30', 1, 14, 'Ultrassonografia', 1),
('2024-01-18', '15:00', 1, 15, 'Radiografia', 2),
('2024-01-19', '15:30', 1, 16, 'Endoscopia', 1),
('2024-01-19', '16:00', 1, 17, 'Fisioterapia', 1),
('2024-01-19', '16:30', 1, 18, 'Teste de alergia', 2),
('2024-01-19', '17:00', 1, 19, 'Ecocardiograma', 1),
('2024-01-19', '17:30', 1, 20, 'Hemograma', 1),
('2024-01-22', '13:30', 1, 31, 'Análise de urina', 2),
('2024-01-22', '14:00', 1, 32, 'Vacinação anual', 1),

('2024-01-22', '14:30', 1, 33, 'Transfusão de sangue', 1),
('2024-01-22', '15:00', 1, 34, 'Acompanhamento de gestação e parto', 1),
('2024-01-22', '15:30', 1, 35, 'Avaliação da função pulmonar', 2),
('2024-01-23', '16:00', 1, 36, 'Exame de sangue', 1),
('2024-01-23', '16:30', 1, 37, 'Vacinação', 1),
('2024-01-23', '08:00', 1, 1, 'Limpeza dentária', 1),
('2024-01-23', '08:30', 1, 2, 'Ultrassonografia', 2),
('2024-01-23', '09:00', 1, 3, 'Radiografia', 1),
('2024-01-23', '09:30', 1, 4, 'Endoscopia', 1),
('2024-01-23', '10:00', 1, 5, 'Fisioterapia', 1),
('2024-01-24', '10:30', 1, 6, 'Teste de alergia', 2),
('2024-01-24', '11:00', 1, 7, 'Ecocardiograma', 1),
('2024-01-24', '11:30', 1, 8, 'Hemograma', 1),
('2024-01-24', '12:00', 1, 9, 'Análise de urina', 1),
('2024-01-24', '12:30', 1, 10, 'Radioterapia', 2),
('2024-01-25', '13:00', 1, 11, 'Consulta de saúde preventiva', 1),

('2024-01-25', '13:30', 1, 12, 'Transfusão de sangue', 1),
('2024-01-25', '14:00', 1, 13, 'Acompanhamento de gestação e parto', 1),
('2024-01-25', '14:30', 1, 14, 'Avaliação da função pulmonar', 1),
('2024-01-25', '15:00', 1, 15, 'Exame de sangue', 2),
('2024-01-26', '15:30', 1, 16, 'Vacinação', 1),
('2024-01-26', '16:00', 1, 17, 'Exame clínico', 1),
('2024-01-26', '16:30', 1, 18, 'Vacinação anual', 2),
('2024-01-26', '17:00', 1, 19, 'Consulta de saúde preventiva', 1),
('2024-01-26', '17:30', 1, 20, 'Exame de rotina', 1),
('2024-01-29', '13:30', 1, 31, 'Vacinação', 2),
('2024-01-29', '14:00', 1, 32, 'Consulta de saúde preventiva', 1),
('2024-01-29', '14:30', 1, 33, 'Vacinação anual', 1),
('2024-01-29', '15:00', 1, 34, 'Avaliação de comportamento', 1),
('2024-01-29', '15:30', 1, 35, 'Consulta de check-up', 2),
('2024-01-30', '16:00', 1, 36, 'Vacinação anual', 1),
('2024-01-30', '16:30', 1, 37, 'Exame clínico', 1),

('2024-01-30', '08:00', 1, 1, 'Exame de sangue', 1),
('2024-01-30', '08:30', 1, 2, 'Vacinação', 2),
('2024-01-30', '09:00', 1, 3, 'Limpeza dentária', 1),
('2024-01-30', '09:30', 1, 4, 'Ultrassonografia', 1),
('2024-01-30', '10:00', 1, 5, 'Radiografia', 1),
('2024-01-30', '10:30', 1, 6, 'Endoscopia', 2),
('2024-01-30', '11:00', 1, 7, 'Fisioterapia', 1),
('2024-01-30', '11:30', 1, 8, 'Teste de alergia', 1),
('2024-01-30', '12:00', 1, 9, 'Ecocardiograma', 2),
('2024-01-30', '12:30', 1, 10, 'Hemograma', 2),
('2024-01-31', '13:00', 1, 11, 'Análise de urina', 1),
('2024-01-31', '13:30', 1, 12, 'Radioterapia', 1),
('2024-01-31', '14:00', 1, 13, 'Transfusão de sangue', 1),
('2024-01-31', '14:30', 1, 14, 'Acompanhamento de gestação e parto', 1),
('2024-01-31', '15:00', 1, 15, 'Avaliação da função pulmonar', 2),
('2024-01-31', '15:30', 1, 16, 'Vacinação', 1),

('2024-01-31', '16:00', 1, 17, 'Exame de sangue', 1),
('2024-02-01', '08:00', 1, 1, 'Exame de sangue', 1),
('2024-02-01', '08:30', 1, 2, 'Vacinação', 2),
('2024-02-01', '09:00', 1, 3, 'Limpeza dentária', 1),
('2024-02-01', '09:30', 1, 4, 'Ultrassonografia', 1),
('2024-02-01', '10:00', 1, 5, 'Radiografia', 2),
('2024-02-01', '10:30', 1, 6, 'Endoscopia', 2),
('2024-02-01', '11:00', 1, 7, 'Fisioterapia', 1),
('2024-02-01', '11:30', 1, 8, 'Teste de alergia', 1),
('2024-02-02', '12:00', 1, 9, 'Ecocardiograma', 1),
('2024-02-02', '12:30', 1, 10, 'Hemograma', 2),
('2024-02-02', '13:00', 1, 11, 'Análise de urina', 1),
('2024-02-02', '13:30', 1, 12, 'Radioterapia', 1),
('2024-02-02', '14:00', 1, 13, 'Transfusão de sangue', 1),
('2024-02-02', '14:30', 1, 14, 'Acompanhamento de gestação e parto', 2),
('2024-01-31', '16:30', 1, 18, 'Avaliação da função pulmonar', 2);


SET SQL_SAFE_UPDATES = 0;
UPDATE Agenda
SET idStatus = 0;

/* Para apresentar */

insert into Clientes (nome, email, contato, enderecoE, enderecoC, enderecoB, enderecoRN)
values ('Diego Gael Duarte', 'diego.gael.duarte@msds.com.br', '(69) 38714257', 'RO', 'Porto Velho', 'Cohab', 'Rua Trombone, 525' ); /* ID: 33 */

insert into Animais (nome, especie, raca, datanascto, idCliente)
values ('Bumi', 'Cachorro', 'Maltês', '2018-03-15', 33), /* ID: 39 */
('Sett', 'Gato', 'SRD', '2021-06-18', 33); /* ID: 40 */

insert into HistoricoMedico (idConsulta, dataconsulta, horaConsulta, veterinario, peso, temperatura, diagnostico, tratamento, observacoes, idAnimal)
values (41, '2023-10-05', '13:00', 1, '3kg', '39°C', 'Exame físico normal', 'Infecção no ouvido', 'Retorno em dez dias', 39),
(42, '2023-10-15', '15:00', 1, '3kg', '38°C', 'Exame físico normal', 'Nenhum tratamento necessário', 'Animal saudável', 39),
(43, '2023-11-02', '16:30', 1, '4kg', '38°C', 'Exame físico normal', 'Nenhum tratamento necessário', 'Animal saudável', 40);

insert into Agenda (dataConsulta, horaConsulta, veterinario, idAnimal, descricao, idStatus)
values ('2023-11-16', '14:00', 1, 39, 'Teste de alergia', 0),
('2023-11-16', '15:30', 1, 40, 'Exame de sangue', 0);


UPDATE Agenda
SET idStatus = 1 WHERE dataConsulta = '2023-11-16'
AND idAnimal = 39 OR idAnimal = 40;

select * from Usuarios;
select * from Clientes;
select * from Animais;
select * from Agenda;
select * from HistoricoMedico;
select * from Acesso;
select * from statusConsulta;



